distance, nbOfJerks, nbLookDisruptive, OnRoadRate, meanSpeed
0, 39, 0, 0.55, 15.87072
40, 36, 0, 1, 14.19126
10, 35, 0, 1, 13.65702
30, 31, 0, 0.75, 16.92798
60, 28, 0, 0.9, 19.09386
90, 52, 0, 1, 19.48642
50, 26, 0, 1, 20.59976
90, 26, 0, 0.925, 18.31789
60, 27, 0, 1, 18.71163
60, 24, 0, 1, 20.39975
100, 56, 0, 0.9, 23.07409
60, 22, 1, 0.975, 21.52455
