distance, nbOfJerks, nbLookDisruptive, OnRoadRate, meanSpeed
20, 32, 1, 0.925, 26.87426
60, 29, 5, 0.925, 32.60626
70, 27, 5, 0.975, 27.80549
40, 28, 0, 0.9, 23.91972
30, 26, 3, 0.925, 23.36629
230, 52, 1, 0.6, 24.0307
70, 26, 2, 0.95, 23.5363
60, 28, 0, 1, 27.10449
60, 26, 1, 0.9, 30.86187
70, 19, 3, 0.8, 29.87751
200, 42, 2, 0.625, 28.61718
40, 28, 6, 0.925, 29.25472
