distance, nbOfJerks, nbLookDisruptive, OnRoadRate, meanSpeed
20, 32, 0, 0.975, 29.60006
60, 30, 0, 0.85, 30.43831
40, 26, 2, 1, 26.75325
60, 26, 1, 1, 25.05686
80, 24, 4, 0.925, 26.69717
190, 49, 2, 0.975, 30.07527
90, 23, 5, 0.95, 29.58235
80, 20, 7, 0.975, 28.49026
60, 25, 4, 0.975, 28.00915
80, 27, 2, 1, 28.9876
