distance, nbOfJerks, nbLookDisruptive, OnRoadRate, meanSpeed
20, 30, 0, 0.975, 25.0915
60, 29, 0, 1, 24.22963
50, 29, 2, 0.95, 22.29221
60, 30, 0, 1, 23.91972
60, 28, 0, 1, 23.55077
130, 52, 0, 0.975, 25.33597
110, 23, 1, 0.8, 23.83429
60, 25, 1, 0.95, 24.53365
60, 28, 1, 0.85, 23.60214
10, 27, 1, 1, 22.56641
210, 47, 7, 0.925, 31.0242
70, 24, 1, 0.8, 28.58914
