distance, nbOfJerks, nbLookDisruptive, OnRoadRate, meanSpeed
20, 29, 0, 0.8, 33.47078
80, 27, 0, 1, 26.03462
100, 23, 1, 0.975, 25.84858
50, 26, 1, 0.85, 24.32409
70, 26, 0, 0.975, 25.41027
140, 56, 0, 0.975, 23.51978
70, 21, 1, 0.95, 24.65909
80, 28, 3, 0.95, 28.4755
110, 26, 0, 1, 25.77332
60, 26, 1, 1, 29.04516
130, 52, 1, 0.775, 24.17503
80, 22, 0, 0.8, 29.07645
