totalDistance, nbOfJerks, nbLookDisruptive, OnRoadRate, meanSpeed
0, 34, 0, 1, 19.52258
70, 24, 8, 0.775, 21.48723
100, 23, 1, 1, 20.43462
180, 25, 4, 0.875, 21.07881
220, 24, 2, 0.9, 21.74845
330, 49, 0, 0.95, 21.01461
380, 25, 1, 0.8, 20.30844
