distance, nbOfJerks, nbLookDisruptive, OnRoadRate, meanSpeed
20, 34, 0, 0.975, 25.39404
50, 32, 0, 1, 24.1706
40, 27, 0, 1, 23.67621
30, 27, 0, 1, 15.26247
20, 32, 1, 0.75, 15.11182
80, 50, 0, 0.725, 14.49525
90, 21, 0, 0.875, 13.64792
40, 32, 0, 1, 12.54352
40, 34, 0, 0.125, 8.00915
10, 35, 0, 0, 7.497048
