distance, nbOfJerks, nbLookDisruptive, OnRoadRate, meanSpeed
50, 32, 0, 0.875, 32.7745
90, 26, 3, 0.95, 32.22993
80, 24, 2, 0.725, 29.2987
80, 25, 6, 0.9, 28.8843
30, 25, 6, 0.875, 27.93388
190, 55, 1, 0.95, 27.03365
50, 23, 1, 0.95, 27.51623
30, 28, 7, 0.925, 29.09386
100, 24, 6, 0.85, 30.38518
