totalDistance, nbOfJerks, nbLookDisruptive, OnRoadRate, meanSpeed
0, 0, 0, 0.95, 18.28579
70, 0, 0, 1, 20.84194
110, 0, 0, 0.85, 20.20883
170, 0, 0, 0.675, 19.49602
220, 0, 0, 0.5, 20.64935
360, 0, 0, 1, 13.96382
400, 0, 0, 1, 13.74816
